final_loss,final_a,final_m,mean_L2_error,total_time_seconds
8.477047593386938,1.9444664979628878,2.0483431467081634,0.8140088145909996,4.513843536376953
